CREATE SCHEMA pizza_runner;
-- SET search_path = pizza_runner;

DROP TABLE IF EXISTS runners;
CREATE TABLE runners (
  runner_id INTEGER,
  registration_date DATE
);
INSERT INTO runners
  (runner_id, registration_date)
VALUES
  (1, '2021-01-01'),
  (2, '2021-01-03'),
  (3, '2021-01-08'),
  (4, '2021-01-15');

DROP TABLE IF EXISTS customer_orders;
CREATE TABLE customer_orders (
  order_id INTEGER,
  customer_id INTEGER,
  pizza_id INTEGER,
  exclusions VARCHAR(4),
  extras VARCHAR(4),
  order_time TIMESTAMP
);

INSERT INTO customer_orders
  (order_id, customer_id, pizza_id, exclusions, extras, order_time)
VALUES
  (1, 101, 1, '', '', '2020-01-01 18:05:02'),
  (2, 101, 1, '', '', '2020-01-01 19:00:52'),
  (3, 102, 1, '', '', '2020-01-02 23:51:23'),
  (3, 102, 2, '', NULL, '2020-01-02 23:51:23'),
  (4, 103, 1, '4', '', '2020-01-04 13:23:46'),
  (4, 103, 1, '4', '', '2020-01-04 13:23:46'),
  (4, 103, 2, '4', '', '2020-01-04 13:23:46'),
  (5, 104, 1, 'null', '1', '2020-01-08 21:00:29'),
  (6, 101, 2, 'null', 'null', '2020-01-08 21:03:13'),
  (7, 105, 2, 'null', '1', '2020-01-08 21:20:29'),
  (8, 102, 1, 'null', 'null', '2020-01-09 23:54:33'),
  (9, 103, 1, '4', '1, 5', '2020-01-10 11:22:59'),
  (10, 104, 1, 'null', 'null', '2020-01-11 18:34:49'),
  (10, 104, 1, '2, 6', '1, 4', '2020-01-11 18:34:49');

DROP TABLE IF EXISTS runner_orders;
CREATE TABLE runner_orders (
  order_id INTEGER,
  runner_id INTEGER,
  pickup_time VARCHAR(19),
  distance VARCHAR(7),
  duration VARCHAR(10),
  cancellation VARCHAR(23)
);

INSERT INTO runner_orders
  (order_id, runner_id, pickup_time, distance, duration, cancellation)
VALUES
  (1, 1, '2020-01-01 18:15:34', '20km', '32 minutes', ''),
  (2, 1, '2020-01-01 19:10:54', '20km', '27 minutes', ''),
  (3, 1, '2020-01-03 00:12:37', '13.4km', '20 mins', NULL),
  (4, 2, '2020-01-04 13:53:03', '23.4', '40', NULL),
  (5, 3, '2020-01-08 21:10:57', '10', '15', NULL),
  (6, 3, 'null', 'null', 'null', 'Restaurant Cancellation'),
  (7, 2, '2020-01-08 21:30:45', '25km', '25mins', 'null'),
  (8, 2, '2020-01-10 00:15:02', '23.4 km', '15 minute', 'null'),
  (9, 2, 'null', 'null', 'null', 'Customer Cancellation'),
  (10, 1, '2020-01-11 18:50:20', '10km', '10minutes', 'null');

DROP TABLE IF EXISTS pizza_names;
CREATE TABLE pizza_names (
  pizza_id INTEGER,
  pizza_name TEXT
);
INSERT INTO pizza_names
  (pizza_id, pizza_name)
VALUES
  (1, 'Meatlovers'),
  (2, 'Vegetarian');

DROP TABLE IF EXISTS pizza_recipes;
CREATE TABLE pizza_recipes (
  pizza_id INTEGER,
  toppings TEXT
);
INSERT INTO pizza_recipes
  (pizza_id, toppings)
VALUES
  (1, '1, 2, 3, 4, 5, 6, 8, 10'),
  (2, '4, 6, 7, 9, 11, 12');

DROP TABLE IF EXISTS pizza_toppings;
CREATE TABLE pizza_toppings (
  topping_id INTEGER,
  topping_name TEXT
);
INSERT INTO pizza_toppings
  (topping_id, topping_name)
VALUES
  (1, 'Bacon'),
  (2, 'BBQ Sauce'),
  (3, 'Beef'),
  (4, 'Cheese'),
  (5, 'Chicken'),
  (6, 'Mushrooms'),
  (7, 'Onions'),
  (8, 'Pepperoni'),
  (9, 'Peppers'),
  (10, 'Salami'),
  (11, 'Tomatoes'),
  (12, 'Tomato Sauce');

-- UPDATE  customer_orders SET exclusions=NULL WHERE EXCLUSIONS IS NULL OR EXCLUSIONS='null' or exclusions = '';
 
-- UPDATE CUSTOMER_ORDERS SET extras=NULL WHERE extras IS NULL OR extras='null' or extras= '';
 
-- UPDATE runner_orders SET pickup_time=NULL WHERE pickup_time IS NULL OR pickup_time='null';
 
-- UPDATE runner_orders SET distance=NULL WHERE distance IS NULL OR distance='null';
 
-- UPDATE runner_orders SET duration=NULL WHERE duration IS NULL OR duration='null';
 
-- UPDATE runner_orders SET cancellation=NULL WHERE cancellation IS NULL OR cancellation='null' or cancellation = '';
 
-- UPDATE runner_orders SET DISTANCE=REPLACE(DISTANCE,'km','');
 
-- UPDATE runner_orders SET DURATION=REPLACE(DURATION,'minutes','');
-- UPDATE runner_orders SET DURATION=REPLACE(DURATION,'mins','');
-- UPDATE runner_orders SET DURATION=REPLACE(DURATION,'minute','');

select * from dev_db.pizza_runner.customer_orders;

select * from dev_db.pizza_runner.runner_orders;

select * from dev_db.pizza_runner.pizza_names;

select * from dev_db.pizza_runner.pizza_recipes;

select * from dev_db.pizza_runner.pizza_toppings;

select * from dev_db.pizza_runner.runners;



--  -----------------------------------------A. Pizza Metrics

-- How many pizzas were ordered?
select count(pizza_id) as Total_Pizzas from customer_orders;


-- How many unique customer orders were made?

select count(distinct(customer_id)) as unique_cust from customer_orders;

-- How many successful orders were delivered by each runner?

select * from customer_orders;
select * from runners;
select * from runner_orders;


select count(order_id) as successful_orders, runner_id from runner_orders where cancellation is null group by runner_id;

-- How many of each type of pizza was delivered?
select count(pizza_id) as "count",pizza_id from customer_orders group by pizza_id;

-- How many Vegetarian and Meatlovers were ordered by each customer?


-- What was the maximum number of pizzas delivered in a single order?
-- For each customer, how many delivered pizzas had at least 1 change and how many had no changes?
-- How many pizzas were delivered that had both exclusions and extras?
-- What was the total volume of pizzas ordered for each hour of the day?
-- What was the volume of orders for each day of the week?




-- What is the successful delivery percentage for each runner?


select runner_id,(count(select order_id from runner_orders where cancellation is null)/count(order_id)) from runner_orders group by runner_id;